{
  "content": [
    {
      "path": "SimObjects/Airplanes/Kolachi_Banshee-Pakistan/aircraft.cfg",
      "size": 898,
      "date": 132792245310000000
    },
    {
      "path": "SimObjects/Airplanes/Kolachi_Banshee-Pakistan/TEXTURE.Pakistan/texture.CFG",
      "size": 119,
      "date": 132788025390000000
    },
    {
      "path": "SimObjects/Airplanes/Kolachi_Banshee-Pakistan/TEXTURE.Pakistan/thumbnail.JPG",
      "size": 229873,
      "date": 132788025390000000
    },
    {
      "path": "SimObjects/Airplanes/Kolachi_Banshee-Pakistan/TEXTURE.Pakistan/thumbnail_small.JPG",
      "size": 16429,
      "date": 132788025390000000
    },
    {
      "path": "SimObjects/Airplanes/Kolachi_Banshee-Pakistan/TEXTURE.Pakistan/X00_BANSHEE_1.PNG.DDS",
      "size": 11184952,
      "date": 132793459769966289
    },
    {
      "path": "SimObjects/Airplanes/Kolachi_Banshee-Pakistan/TEXTURE.Pakistan/X00_BANSHEE_1.PNG.DDS.json",
      "size": 102,
      "date": 132788025400000000
    },
    {
      "path": "SimObjects/Airplanes/Kolachi_Banshee-Pakistan/TEXTURE.Pakistan/X00_BANSHEE_2.PNG.DDS",
      "size": 11184952,
      "date": 132794065809260894
    },
    {
      "path": "SimObjects/Airplanes/Kolachi_Banshee-Pakistan/TEXTURE.Pakistan/X00_BANSHEE_2.PNG.DDS.json",
      "size": 102,
      "date": 132788025400000000
    },
    {
      "path": "SimObjects/Airplanes/Kolachi_Banshee-Pakistan/TEXTURE.Pakistan/X00_BANSHEE_FUSELAGE_COMP.PNG.DDS",
      "size": 699192,
      "date": 132788025400000000
    },
    {
      "path": "SimObjects/Airplanes/Kolachi_Banshee-Pakistan/TEXTURE.Pakistan/X00_BANSHEE_FUSELAGE_COMP.PNG.DDS.json",
      "size": 166,
      "date": 132788025400000000
    },
    {
      "path": "SimObjects/Airplanes/Kolachi_Banshee-Pakistan/TEXTURE.Pakistan/X00_BANSHEE_WEAPONS_COMP.PNG.DDS",
      "size": 699192,
      "date": 132788025400000000
    },
    {
      "path": "SimObjects/Airplanes/Kolachi_Banshee-Pakistan/TEXTURE.Pakistan/X00_BANSHEE_WEAPONS_COMP.PNG.DDS.json",
      "size": 166,
      "date": 132788025400000000
    },
    {
      "path": "SimObjects/Airplanes/Kolachi_Banshee-Pakistan/TEXTURE.Pakistan/X00_BANSHEE_WINGS_COMP.PNG.DDS",
      "size": 699192,
      "date": 132788025400000000
    },
    {
      "path": "SimObjects/Airplanes/Kolachi_Banshee-Pakistan/TEXTURE.Pakistan/X00_BANSHEE_WINGS_COMP.PNG.DDS.json",
      "size": 166,
      "date": 132788025400000000
    },
    {
      "path": "SimObjects/Airplanes/Kolachi_Banshee-Pakistan/TEXTURE.Pakistan/X00_WEAPONS.PNG.DDS",
      "size": 1398276,
      "date": 132788025400000000
    },
    {
      "path": "SimObjects/Airplanes/Kolachi_Banshee-Pakistan/TEXTURE.Pakistan/X00_WEAPONS.PNG.DDS.json",
      "size": 102,
      "date": 132788025400000000
    }
  ]
}